,id,conversation_id,created_at,date,time,timezone,user_id,username,name,place,Labels,tweet,language,mentions,urls,photos,replies_count,retweets_count,likes_count,hashtags,cashtags,link,retweet,quote_url,video,thumbnail,near,geo,source,user_rt_id,user_rt,retweet_id,reply_to,retweet_date,translate,trans_src,trans_dest,negative,neutral,positive,tweet_id
154729,1.33454E+18,1.33454E+18,2020-12-03 19:03:57 GTB,2020-12-03,19:03:57,300,1.17208E+18,yurec91547341,Yurec,,-1,@CoinList @BrucePon @oceanprotocol @Skeeeeto $OCEAN news a lot the price does not rise,en,[],[],[],0,0,1,[],['ocean'],https://twitter.com/Yurec91547341/status/1334543909293322242,FALSE,,0,,,,,,,,"[{'screen_name': 'CoinList', 'name': 'CoinList', 'id': '866047997456658434'}, {'screen_name': 'BrucePon', 'name': 'Bruce Pon', 'id': '54634160'}, {'screen_name': 'oceanprotocol', 'name': 'Ocean Protocol', 'id': '908581392061214720'}, {'screen_name': 'Skeeeeto', 'name': 'Scott', 'id': '978843577'}]",,,,,0.26982564,0.6740359,0.056138545,1.33454E+18
157047,1.33227E+18,1.33227E+18,2020-11-27 12:19:15 GTB,2020-11-27,12:19:15,300,481536662,cryptoshlug,CryptoShlug,,0,In the market for some good running shoes with it being #BlackFriday can any good man recommend a pair? üëü#PlsSers #Gib $LINK $OCEAN $UBT $RSR,en,[],[],[],0,0,2,"['blackfriday', 'plssers', 'gib']","['link', 'ocean', 'ubt', 'rsr']",https://twitter.com/CryptoShlug/status/1332267736953737223,FALSE,,0,,,,,,,,[],,,,,0.002394878,0.24145795,0.7561472,1.33227E+18
204965,1.29738E+18,1.29738E+18,2020-08-23 06:46:09 GTB (heure d‚Äô√©t√©),2020-08-23,06:46:09,300,1.29738E+18,darman67037837,Darman,,0,"I am part of the martkist community now, come join us #Martkist #socialmedia #Faucet $Martk $eth $btc $link $xrp $om $ampl $yam $ocean $kai $mitx #Binance #Bitcoin  https://t.co/VhPI7HWBHq",en,[],['https://imgur.com/a/oiFpsoU'],[],0,0,0,"['martkist', 'socialmedia', 'faucet', 'binance', 'bitcoin']","['martk', 'eth', 'btc', 'link', 'xrp', 'om', 'ampl', 'yam', 'ocean', 'kai', 'mitx']",https://twitter.com/Darman67037837/status/1297379576054550528,FALSE,,0,,,,,,,,[],,,,,0.002422853,0.41177204,0.58580506,1.29738E+18
106944,1.37257E+18,1.37257E+18,2021-03-18 17:37:20 GTB,2021-03-18,17:37:20,300,1380613250,dominiccahoy,‚ö´Ô∏èhgtp://Dom,,1,"Better grab your bags now. When all the news is released, this will blow past $1 like nothing and never look back. #Constellation $DAG   $LTX $BTC $DOT $UNI $STX $KSM $ALGO $NANO $PAID $FIL $ETH $XRP $TRX $CAKE $XTZ $BNB $BAN $IOTA $HBAR $RSR $EOS $TEL $COTI $OCEAN",en,[],[],[],2,2,8,['constellation'],"['dag', 'ltx', 'btc', 'dot', 'uni', 'stx', 'ksm', 'algo', 'nano', 'paid', 'fil', 'eth', 'xrp', 'trx', 'cake', 'xtz', 'bnb', 'ban', 'iota', 'hbar', 'rsr', 'eos', 'tel', 'coti', 'ocean']",https://twitter.com/dominiccahoy/status/1372572836318085127,FALSE,https://twitter.com/Dagnum_PI/status/1372560421253640192,0,,,,,,,,[],,,,,0.048196796,0.42778754,0.52401567,1.37257E+18
222586,1.2704E+18,1.27025E+18,2020-06-09 19:49:48 GTB (heure d‚Äô√©t√©),2020-06-09,19:49:48,300,1.26025E+18,fabergecrypto,En Sabah Nur,,1,"@AnalyticsFr @RichardEudes The biggest problem with big #data is where to store it and how to #protect it. #Blockchain is one of the saffest and cheapest options. A lot of #crypto projects deals with data, like @oceanprotocol that enables #safe data #economy on their platform.  $BTC $OCEAN $MATIC $LINK",en,"[{'screen_name': 'oceanprotocol', 'name': 'ocean protocol', 'id': '908581392061214720'}]",[],[],1,0,1,"['data', 'protect', 'blockchain', 'crypto', 'safe', 'economy']","['btc', 'ocean', 'matic', 'link']",https://twitter.com/fabergecrypto/status/1270397698940850180,FALSE,,0,,,,,,,,"[{'screen_name': 'AnalyticsFr', 'name': 'Analytics France', 'id': '1269972008'}, {'screen_name': 'RichardEudes', 'name': 'Richard Eudes, PhD', 'id': '49427323'}]",,,,,0.09111645,0.44584587,0.4630376,1.2704E+18
143387,1.34686E+18,1.34686E+18,2021-01-06 19:02:04 GTB,2021-01-06,19:02:04,300,8.05956E+17,coingyver,Gyver üî∫‚ìÇÔ∏è,,0,if u are having a profitable day! don't forget those in need! family friends neighbors etc.   $link $eth $ocean $xlm $btc $tomo $xrp $trx $btc,en,[],[],[],2,1,21,[],"['link', 'eth', 'ocean', 'xlm', 'btc', 'tomo', 'xrp', 'trx', 'btc']",https://twitter.com/coingyver/status/1346864622855483392,FALSE,,0,,,,,,,,[],,,,,0.005588617,0.21282126,0.7815901,1.34686E+18
103545,1.37445E+18,1.37442E+18,2021-03-23 21:50:51 GTB,2021-03-23,21:50:51,300,1.37319E+18,0xc0nnected,.CONNECTED | üÖ≤üÖ∏üÜÉüÖ∏üÜâüÖ¥üÖΩ #69,,1,@CryptoWizardd Love $OCEAN,en,[],[],[],0,0,0,[],['ocean'],https://twitter.com/0xC0NNECTED/status/1374448575413854220,FALSE,,0,,,,,,,,"[{'screen_name': 'CryptoWizardd', 'name': 'WIZZ ( beware scammers )', 'id': '972970759416111104'}]",,,,,0.001852133,0.04410792,0.95403993,1.37445E+18
176960,1.31719E+18,1.317E+18,2020-10-16 22:36:41 GTB (heure d‚Äô√©t√©),2020-10-16,22:36:41,300,8.5299E+17,tradenart,üåä traden,,1,@beincrypto @zilliqa @oceanprotocol üåä who is bigger than the ocean? $ocean,en,[],[],[],1,0,3,[],['ocean'],https://twitter.com/tradenart/status/1317187729961123840,FALSE,,0,,,,,,,,"[{'screen_name': 'beincrypto', 'name': 'BeInCrypto', 'id': '1021643080208801792'}, {'screen_name': 'zilliqa', 'name': 'Zilliqa', 'id': '872984298973941764'}, {'screen_name': 'oceanprotocol', 'name': 'Ocean Protocol', 'id': '908581392061214720'}]",,,,,0.049558632,0.5881048,0.3623366,1.31719E+18
165412,1.326E+18,1.326E+18,2020-11-10 05:02:45 GTB,2020-11-10,05:02:45,300,1.00092E+18,cryptofrog202,CryptoFROG - TOP BOY,,0,"@BrucePon verify, please! $OCEAN ~~",en,[],[],[],1,3,4,[],['ocean'],https://twitter.com/cryptofrog202/status/1325997295372959744,FALSE,https://twitter.com/pvlace808mafia/status/1325987897758117888,0,,,,,,,,[],,,,,0.034471236,0.6762945,0.28923422,1.326E+18
121492,1.36302E+18,1.36279E+18,2021-02-20 08:58:30 GTB,2021-02-20,08:58:30,300,483807410,jobudfs,Jobu,,0,@elonmusk @PeterSchiff This needs an $OCEAN cash tag if it hasn‚Äôt already been done.,en,[],[],[],0,0,1,[],['ocean'],https://twitter.com/JobuDFS/status/1363020186756947968,FALSE,,0,,,,,,,,"[{'screen_name': 'elonmusk', 'name': 'Elon Musk', 'id': '44196397'}, {'screen_name': 'PeterSchiff', 'name': 'Peter Schiff', 'id': '56562803'}]",,,,,0.11934321,0.79233783,0.08831893,1.36302E+18
129463,1.35836E+18,1.35836E+18,2021-02-07 12:37:28 GTB,2021-02-07,12:37:28,300,1.27289E+18,jjthistle1,JJ‚Äôs Dungeon üíé VRA üíé,,0,"DONT BE A DILDO!!!  I have missed out of 2 x 30% pumps recently through impatience with my coin.  $ equivalent of 2k   Don‚Äôt chase the big climax, enjoy the mini pumps and you will get the big rewards.  $btc $zil $utk $xlm $ocean",en,[],[],[],1,1,3,[],"['btc', 'zil', 'utk', 'xlm', 'ocean']",https://twitter.com/jjthistle1/status/1358364246527139840,FALSE,,0,,,,,,,,[],,,,,0.41328853,0.43264753,0.15406391,1.35836E+18
43368,1.48017E+18,1.48017E+18,2022-01-09 15:33:31 GTB,2022-01-09,15:33:31,300,1.21414E+18,the_3xprocess,Mike‚öõÔ∏è,,0,Video walk-through of LUNAomics 2022 Investment Strategy. $LUNA $UST  $Luna $MIR $ANC $UST $BTC $RUNE $ATOM  $OCEAN $cake $shib $BNB $AXS $MATIC $LINK $MINE $EGLD $ENJ $AAVE $Lota $SPEC $AVAX $ETH $FLOKI  $CAKE $EGLD,en,[],[],[],0,0,1,[],"['luna', 'ust', 'luna', 'mir', 'anc', 'ust', 'btc', 'rune', 'atom', 'ocean', 'cake', 'shib', 'bnb', 'axs', 'matic', 'link', 'mine', 'egld', 'enj', 'aave', 'lota', 'spec', 'avax', 'eth', 'floki', 'cake', 'egld']",https://twitter.com/The_3XProcess/status/1480170876779778048,FALSE,https://twitter.com/rebel_defi/status/1479966899236745227,0,,,,,,,,[],,,,,0.03164781,0.9079974,0.06035475,1.48017E+18
74031,1.41067E+18,1.41067E+18,2021-07-01 21:47:36 GTB (heure d‚Äô√©t√©),2021-07-01,21:47:36,300,1.08455E+18,kriptoemrah,Kripto Emrah,,-,Piyasa Deƒüeri 200 Milyon Dolarƒ±n Altƒ±ndaki En Umut Verici 15 Proje üìä  $OGN $BAND $FRAX $REEF $PROM $OCEAN $INJ $XVS $AUDIO $SNT $SAND $ARTH $ORN $POLY $CTSI  Data @GCryptoBen  https://t.co/YRtvDUO8F7,tr,"[{'screen_name': 'gcryptoben', 'name': 'ben gcrypto', 'id': '1365654402334400512'}]",[],['https://pbs.twimg.com/media/E5O2NLeXIAMZQ0l.jpg'],1,3,17,[],"['ogn', 'band', 'frax', 'reef', 'prom', 'ocean', 'inj', 'xvs', 'audio', 'snt', 'sand', 'arth', 'orn', 'poly', 'ctsi']",https://twitter.com/kriptoemrah/status/1410671448151183363,FALSE,,1,https://pbs.twimg.com/media/E5O2NLeXIAMZQ0l.jpg,,,,,,,[],,,,,0.09322549,0.8625979,0.044176653,1.41067E+18
70564,1.41961E+18,1.41961E+18,2021-07-26 13:45:21 GTB (heure d‚Äô√©t√©),2021-07-26,13:45:21,300,1.37624E+18,manulele19,Manulele,,0,$ocean,qct,[],[],[],0,0,0,[],['ocean'],https://twitter.com/Manulele19/status/1419609779731845125,FALSE,https://twitter.com/oceanprotocol/status/1419598628390383621,0,,,,,,,,[],,,,,0.13466522,0.7053413,0.15999354,1.41961E+18
182515,1.30982E+18,1.30982E+18,2020-09-26 14:48:10 GTB (heure d‚Äô√©t√©),2020-09-26,14:48:10,300,575008003,pronewchaos,Saitoshi Nanomoto üâê‚öîÔ∏è‚öõÔ∏è,,0,@coinbureau Oh geez what happened to KuCoin. I slept for 24 hours.  ü§£ü§£ü§£ü§£ü§£ I have my $OCEAN in there. ü§£ü§£ü§£ü§£ü§£,en,[],[],[],0,1,2,[],['ocean'],https://twitter.com/pronewchaos/status/1309822064023359488,FALSE,,0,,,,,,,,"[{'screen_name': 'coinbureau', 'name': 'Coin Bureau', 'id': '906230721513181184'}]",,,,,0.60102,0.31814525,0.08083477,1.30982E+18
11891,1.55849E+18,1.5584E+18,2022-08-13 19:16:32 GTB (heure d‚Äô√©t√©),2022-08-13,19:16:32,300,1.28966E+18,el_capro,El_Capro,,1,"@cryptogems555 $NGM, $LINK, $CARD &amp; $OCEAN are some #100x picks you can check out!  @oceanprotocol platform enables data providers to seamlessly monetize data effectively, while protecting their privacy. They offer real-world adoption and effective uses cases for a cryptocurrency.   #Web3 #Data  https://t.co/N0huTgHVI6",en,"[{'screen_name': 'oceanprotocol', 'name': 'ocean protocol', 'id': '908581392061214720'}]",[],['https://pbs.twimg.com/media/FaDcRDDXkAY61-z.jpg'],0,0,5,"['100x', 'web3', 'data']","['ngm', 'link', 'card', 'ocean']",https://twitter.com/el_capro/status/1558487677997129728,FALSE,,1,https://pbs.twimg.com/media/FaDcRDDXkAY61-z.jpg,,,,,,,"[{'screen_name': 'cryptogems555', 'name': 'Crypto GEMs üìàüöÄ', 'id': '4473212565'}]",,,,,0.0015033991,0.08082488,0.91767174,1.55849E+18
199570,1.29933E+18,1.29933E+18,2020-08-28 16:10:40 GTB (heure d‚Äô√©t√©),2020-08-28,16:10:40,300,1.29421E+18,dragonslyer89,Slyer,,1,Wait on dump? No way I will buy on the current price I don't to miss the boat on $FYZ I will ride on it! üî•üî•üî• $OCEAN $COTI $TOKO,en,[],[],[],0,1,1,[],"['fyz', 'ocean', 'coti', 'toko']",https://twitter.com/Dragonslyer89/status/1299333581228052486,FALSE,https://twitter.com/aa88_bsb/status/1296793292613357568,0,,,,,,,,[],,,,,0.05353831,0.26095724,0.68550444,1.29933E+18
178162,1.31569E+18,1.31569E+18,2020-10-12 19:31:51 GTB (heure d‚Äô√©t√©),2020-10-12,19:31:51,300,4219839160,stov219,capo,,1,"So fucking excited... Thank you for your brilliant work on $OCEAN @trentmc0 @BrucePon, the future is bright! üåä",en,"[{'screen_name': 'trentmc0', 'name': 'trent mcconaghy', 'id': '3081376528'}, {'screen_name': 'brucepon', 'name': 'bruce pon', 'id': '54634160'}]",[],[],0,2,19,[],['ocean'],https://twitter.com/stov219/status/1315691663029932038,FALSE,https://twitter.com/trentmc0/status/1315635877855592451,0,,,,,,,,[],,,,,0.0016736533,0.0044752266,0.99385107,1.31569E+18
161295,1.32913E+18,1.32913E+18,2020-11-18 20:47:23 GTB,2020-11-18,20:47:23,300,9.48551E+17,dyorcryptobot,DYOR.net,,1,Some bullish indicators on 15m:  MACD Bullish Cross: $CELR $HIVE $QKC  Bullish Candlestick Pattern: $TRX $BAL $ANT $PAXG $KSM $DASH $OGN $NEO $CND $PNT  RSI Bull Div: $OCEAN $ADX $LINK   Become a  https://t.co/vMSA8RwQ1G member and get access to all coin analysis!,en,[],['http://DYOR.net'],[],1,1,0,[],"['celr', 'hive', 'qkc', 'trx', 'bal', 'ant', 'paxg', 'ksm', 'dash', 'ogn', 'neo', 'cnd', 'pnt', 'ocean', 'adx', 'link']",https://twitter.com/DYORCryptoBot/status/1329134121550032899,FALSE,,0,,,,,,,,[],,,,,0.0040232562,0.3150427,0.680934,1.32913E+18
153129,1.33628E+18,1.33628E+18,2020-12-08 14:17:08 GTB,2020-12-08,14:17:08,300,1.30286E+18,cryptoc94914588,Crypto_Cat üò∏,,0,Good moment to buy $UNFI üöÄüöÄüöÄüöÄ ü§ëüí∞üíØ Preparing for a new launch!    #alt #cryptotrading  #cryptocurrency #altcoin #altcoins #crypto #altseason2020 $ocean #chainlink #CryptoNews #Bitcoin¬†¬†¬†¬†¬†¬†¬†¬†¬†¬†¬†¬† #Ethereum #wavesbtc #waves #btc¬†¬†¬†¬†¬†¬†¬†¬†¬†¬† $link $waves $INJ $waves $xem #gem  https://t.co/E8ChbkxLs9,en,[],[],['https://pbs.twimg.com/tweet_video_thumb/Eotu6UUXcAECKzh.jpg'],0,0,4,"['alt', 'cryptotrading', 'cryptocurrency', 'altcoin', 'altcoins', 'crypto', 'altseason2020', 'chainlink', 'cryptonews', 'bitcoin', 'ethereum', 'wavesbtc', 'waves', 'btc', 'gem']","['unfi', 'ocean', 'link', 'waves', 'inj', 'waves', 'xem']",https://twitter.com/CryptoC94914588/status/1336283669670060032,FALSE,,1,https://pbs.twimg.com/tweet_video_thumb/Eotu6UUXcAECKzh.jpg,,,,,,,[],,,,,0.0014426424,0.090947,0.90761036,1.33628E+18
195771,1.30094E+18,1.30094E+18,2020-09-02 02:37:44 GTB (heure d‚Äô√©t√©),2020-09-02,02:37:44,300,9.37599E+17,nagatodharma,Nagat√∏,,1,"Also, thanks to everyone for the support. The feedback on the $Ocean Protocol article was amazing. Many people joined the group which is evolving into a great community.  I'll publish more reviews &amp; articles in September.  (Also more gems :D)  https://t.co/GpOXT8wyya",en,[],[],['https://pbs.twimg.com/media/Eg3esbIWsAArOWm.jpg'],0,0,4,[],['ocean'],https://twitter.com/NagatoDharma/status/1300940938446082051,FALSE,,1,https://pbs.twimg.com/media/Eg3esbIWsAArOWm.jpg,,,,,,,[],,,,,0.0010333715,0.010231326,0.98873526,1.30094E+18
13506,1.55519E+18,1.55505E+18,2022-08-04 17:08:21 GTB (heure d‚Äô√©t√©),2022-08-04,17:08:21,300,1.25592E+18,crypto_tzar,Last Crypto Tzar,,1,"@WazirXIndia #Altcoins are for creating wealth  Get in early and hold  Solid FA alts like $OCEAN, $ETH, $NEAR, $ATOM, are a must-have  $FLD is the latest altcoin gem on the horizon. The native utility token for @FLUID_liquidity, an AI-powered, cross-chain liquidity aggregator.  #DYOR #100xgem  https://t.co/LBs9WJyK3W",en,"[{'screen_name': 'fluid_liquidity', 'name': 'fluid', 'id': '1408355069787992065'}]",[],['https://pbs.twimg.com/media/FZUojAEXkAIWd0W.png'],0,0,0,"['altcoins', 'dyor', '100xgem']","['ocean', 'eth', 'near', 'atom', 'fld']",https://twitter.com/crypto_tzar/status/1555193927766102016,FALSE,,1,https://pbs.twimg.com/media/FZUojAEXkAIWd0W.png,,,,,,,"[{'screen_name': 'WazirXIndia', 'name': 'WazirX: India Ka Bitcoin Exchange', 'id': '955744720092835841'}]",,,,,0.0015709846,0.119027555,0.87940145,1.55519E+18
20752,1.53711E+18,1.53711E+18,2022-06-15 19:44:18 GTB (heure d‚Äô√©t√©),2022-06-15,19:44:18,300,1.09397E+18,marconi41128317,marconi,,-1,"@BrucePon  if you have any ace up your sleeve for ocean it would be good to use hehehehe, $ocean is getting lower every day, come on make an amazing call to ocean! or lend me 20k hahahahahahhaha",en,[],[],[],0,0,0,[],['ocean'],https://twitter.com/marconi41128317/status/1537113780106285056,FALSE,,0,,,,,,,,[],,,,,0.010969841,0.11859487,0.8704353,1.53711E+18
200348,1.29903E+18,1.29903E+18,2020-08-27 20:05:59 GTB (heure d‚Äô√©t√©),2020-08-27,20:05:59,300,8.41917E+17,omuhabbas,own muhabbas,,0,Martkist is a special sponsor of the #BITCONF Brazil  https://t.co/LdvhtJloCE from Sept 10 to the 13th $Martk #Martkist #socialmedia #Faucet #Binance #Bitcoin  https://t.co/uSGbuJSH7m #Cryptonews $band $eth $link $coti $doge $btc $defi $algo $dot $cro $ocean,en,[],"['https://bitconf.com.br/2020/', 'https://imgur.com/a/Xp9Ddvn']",[],0,0,0,"['bitconf', 'martkist', 'socialmedia', 'faucet', 'binance', 'bitcoin', 'cryptonews']","['martk', 'band', 'eth', 'link', 'coti', 'doge', 'btc', 'defi', 'algo', 'dot', 'cro', 'ocean']",https://twitter.com/OMuhabbas/status/1299030411541086208,FALSE,,0,,,,,,,,[],,,,,0.0063301604,0.82644045,0.1672294,1.29903E+18
27505,1.52245E+18,1.52245E+18,2022-05-06 08:50:00 GTB (heure d‚Äô√©t√©),2022-05-06,08:50:00,300,1.25875E+18,galaxylio,‚ú†ùîªùïñùïíùï•ùïôùï§ùï°ùïñùïùùïù ùïÜùïûùïñùïòùïí ‚úü,,1,$OCEAN ready to take off!,en,[],[],[],0,0,1,[],['ocean'],https://twitter.com/GalaxyLio/status/1522453606267449344,FALSE,,0,,,,,,,,[],,,,,0.007206811,0.44727728,0.54551595,1.52245E+18
137060,1.352E+18,1.35179E+18,2021-01-20 23:18:00 GTB,2021-01-20,23:18:00,300,1.26023E+18,mrrhincodon,Rhincodon,,1,"@thebull_crypto Tbh you can have your pick of the litter, there are so many good projects out there and I guess it depends what you are after.  My suggestion for a coin with huge potential that will change the world in few years and bring big companies to #crypto is $OCEAN but DYORüòâ",en,[],[],[],0,0,0,['crypto'],['ocean'],https://twitter.com/MrRhincodon/status/1352002460458516482,FALSE,,0,,,,,,,,"[{'screen_name': 'thebull_crypto', 'name': 'bull sayler', 'id': '956937200301588480'}]",,,,,0.0024336216,0.06296924,0.9345971,1.352E+18
182913,1.30927E+18,1.30921E+18,2020-09-25 02:13:10 GTB (heure d‚Äô√©t√©),2020-09-25,02:13:10,300,1.25423E+18,bloxywoxy1683,üôÇWithout freedom you have nothing,,1,@CCribz @TheCryptoLark Don't forget that DHL tweeted about how awesome $OCEAN is,en,[],[],[],1,0,3,[],['ocean'],https://twitter.com/Bloxywoxy1683/status/1309269675348553728,FALSE,,0,,,,,,,,"[{'screen_name': 'CCribz', 'name': 'CryptoCribz ‚ì£', 'id': '1001108218783903744'}, {'screen_name': 'TheCryptoLark', 'name': 'Lark Davis', 'id': '30325257'}]",,,,,0.001751188,0.028542323,0.9697065,1.30927E+18
57039,1.45298E+18,1.45263E+18,2021-10-26 15:43:04 GTB (heure d‚Äô√©t√©),2021-10-26,15:43:04,300,1.33835E+18,brianri19225066,Brian,,1,"@CryptoWally2 @Sliced_Bread_v2 @investvoyager No worries.  To each there own. I understand conservative, trust me.  You help lots of people with your $ocean tweets.  Maybe some day you will see the benefit of @investvoyager. I‚Äôll keep on following your awesome content about $ocean.",en,"[{'screen_name': 'investvoyager', 'name': 'voyager', 'id': '976124518065373184'}]",[],[],0,0,0,[],"['ocean', 'ocean']",https://twitter.com/BrianRi19225066/status/1452979089715912718,FALSE,,0,,,,,,,,"[{'screen_name': 'Cryptowally2', 'name': 'Wally', 'id': '1162286361933537281'}, {'screen_name': 'investvoyager', 'name': 'Voyager', 'id': '976124518065373184'}]",,,,,0.0027732814,0.04473942,0.9524873,1.45298E+18
58853,1.44761E+18,1.44761E+18,2021-10-11 20:04:16 GTB (heure d‚Äô√©t√©),2021-10-11,20:04:16,300,1.36021E+18,jonaskupper,Jona Salome K.,,1,"LAST CALL for $Ocean, $Algo and $Dot before close up to #Bitcoin and take-off üöÄüöÄüöÄ  $etc $eth $dot $algo $ren $snx $icp $neo $ada $btc $xtz $xrp $grt $link $sol $doge $btc $luna $cirus $ocean $dmtr #AltCoinSeason #cryptocurrency",en,[],[],[],1,1,6,"['bitcoin', 'altcoinseason', 'cryptocurrency']","['ocean', 'algo', 'dot', 'etc', 'eth', 'dot', 'algo', 'ren', 'snx', 'icp', 'neo', 'ada', 'btc', 'xtz', 'xrp', 'grt', 'link', 'sol', 'doge', 'btc', 'luna', 'cirus', 'ocean', 'dmtr']",https://twitter.com/JonasKupper/status/1447609004298055681,FALSE,,0,,,,,,,,[],,,,,0.01125449,0.7827001,0.20604545,1.44761E+18
100785,1.37658E+18,1.37657E+18,2021-03-29 20:00:44 GTB (heure d‚Äô√©t√©),2021-03-29,20:00:44,300,1.35981E+18,spacetravelle20,spacetraveller ‚ö°üåç,,0,@CryptoWally2 I'm sure we'd have quite an inspiring philosophy discussion on such an amazing topic sir. they'll build a collective superintelligence though - so not just blind agents ;)  the $DOT parachain is simply awesome btw!  keep up the great work &amp; postings.   $OCEAN,en,[],[],[],0,0,0,[],"['dot', 'ocean']",https://twitter.com/spacetravelle20/status/1376580094009958406,FALSE,,0,,,,,,,,"[{'screen_name': 'Cryptowally2', 'name': 'Wally', 'id': '1162286361933537281'}]",,,,,0.0016852106,0.011664489,0.9866502,1.37658E+18
84925,1.39143E+18,1.39142E+18,2021-05-09 19:12:50 GTB (heure d‚Äô√©t√©),2021-05-09,19:12:50,300,1.07437E+18,ryansrambles,RyanRamblesRogs,,1,@cz_binance Ocean vibes next #waves $OCEAN,en,[],[],[],0,0,0,['waves'],['ocean'],https://twitter.com/RyansRambles/status/1391425939251372037,FALSE,,0,,,,,,,,"[{'screen_name': 'cz_binance', 'name': 'CZ üî∂ Binance', 'id': '902926941413453824'}]",,,,,0.0042793024,0.62923336,0.36648738,1.39143E+18
47369,1.47368E+18,1.47366E+18,2021-12-22 17:33:58 GTB,2021-12-22,17:33:58,300,9.43627E+17,daveonge,SlimJim,,1,@CryptoWally2 $OCEAN üíéüôå,und,[],[],[],0,0,6,[],['ocean'],https://twitter.com/DaveOnge/status/1473678205643075587,FALSE,,0,,,,,,,,"[{'screen_name': 'Cryptowally2', 'name': 'Wally', 'id': '1162286361933537281'}]",,,,,0.0062783365,0.4504582,0.54326344,1.47368E+18
54873,1.4562E+18,1.4562E+18,2021-11-04 12:18:25 GTB,2021-11-04,12:18:25,300,1.34686E+18,manioqu,Manioqu,,1,Again a nice callüî•üî•üî• @Crypto_Scofield  $BTC $RUNE $UST $NANO $ZEN $BNT $ZB $ANT $NMR $XVG $CVT $RVN  $BCD $HOT $IOST $BOT $LUNA $GALA $LTC $XTZ $ATOM $HBAR $DOT $ALGO $XMR $STX $MINA $ONE $TRIBE $MASK $IQ $LIT $SKL $ATOM $HBAR $ONE $OCEAN $ADA $DOGE $XRP $DEFI $SC $DGB,en,"[{'screen_name': 'crypto_scofield', 'name': 'scofield', 'id': '1274101971809681408'}]",[],[],0,0,1,[],"['btc', 'rune', 'ust', 'nano', 'zen', 'bnt', 'zb', 'ant', 'nmr', 'xvg', 'cvt', 'rvn', 'bcd', 'hot', 'iost', 'bot', 'luna', 'gala', 'ltc', 'xtz', 'atom', 'hbar', 'dot', 'algo', 'xmr', 'stx', 'mina', 'one', 'tribe', 'mask', 'iq', 'lit', 'skl', 'atom', 'hbar', 'one', 'ocean', 'ada', 'doge', 'xrp', 'defi', 'sc', 'dgb']",https://twitter.com/manioqu/status/1456204176485146625,FALSE,https://twitter.com/Crypto_Scofield/status/1456164489817100289,0,,,,,,,,[],,,,,0.002105168,0.10032134,0.89757353,1.4562E+18
160725,1.32954E+18,1.32954E+18,2020-11-19 23:20:53 GTB,2020-11-19,23:20:53,300,2456557351,kappa31337,"Crypto Rags to Riches (ü¶ç,ü¶ç)",,0,100x Gem Countdown Timer: 5 Days  Follow to be one of the first to get this bomb  $sav3 $ORO $CORE $GDAO $SMARTCREDIT $DMST $UNI $kp3R $AXN $CFI $ILIQ $LINK $BTC $ETH $CRV $SUSHI $PRIA $ocean $xlm $rsr $snx $yfi $yfii $hnt $vet $matic $etc $rune $root,en,[],[],[],0,2,5,[],"['oro', 'core', 'gdao', 'dmst', 'uni', 'axn', 'cfi', 'iliq', 'link', 'btc', 'eth', 'crv', 'sushi', 'pria', 'ocean', 'xlm', 'rsr', 'snx', 'yfi', 'yfii', 'hnt', 'vet', 'matic', 'etc', 'rune', 'root']",https://twitter.com/Kappa31337/status/1329535141400625153,FALSE,,0,,,,,,,,[],,,,,0.03695369,0.79098135,0.1720649,1.32954E+18
80808,1.39649E+18,1.39649E+18,2021-05-23 18:42:24 GTB (heure d‚Äô√©t√©),2021-05-23,18:42:24,300,1.14121E+18,crypto3ot,CryptoBOT,,-1,$OCEAN ‚õîÔ∏è Decreased 3.63% in 32.0 min(s) üíµ Price - 0.46510000 USDT ‚è±Ô∏è [23 Apr] - 15:42:24 UTC #OCEAN #OCEANUSDT #CryptoBOT,ro,[],[],[],0,0,0,"['ocean', 'oceanusdt', 'cryptobot']",['ocean'],https://twitter.com/Crypto3OT/status/1396491712067948544,FALSE,,0,,,,,,,,[],,,,,0.24686153,0.6969972,0.05614121,1.39649E+18
215373,1.29003E+18,1.28989E+18,2020-08-03 00:00:34 GTB (heure d‚Äô√©t√©),2020-08-03,00:00:34,300,9.44575E+17,lordtuanjim,Jester üåç,,1,@cryptonator1337 Look at $OCEAN as well. Very good resistance.,en,[],[],[],0,0,1,[],['ocean'],https://twitter.com/LordTuanJim/status/1290029749704613888,FALSE,,0,,,,,,,,"[{'screen_name': 'cryptonator1337', 'name': 'CR1337', 'id': '861889353869557762'}]",,,,,0.022482475,0.26987353,0.707644,1.29003E+18
116905,1.36698E+18,1.36698E+18,2021-03-03 07:07:29 GTB,2021-03-03,07:07:29,300,1.35578E+18,fatihcrypto1,fatihcrypto,,-,Dileyen kar realize edebilir. #oceanusdt $ocean  https://t.co/WoArcV1N66,tr,[],[],['https://pbs.twimg.com/media/Evh7tlRWgAIuAuF.jpg'],0,1,3,['oceanusdt'],['ocean'],https://twitter.com/fatihcrypto1/status/1366978515518816264,FALSE,https://twitter.com/fatihcrypto1/status/1366464526422585346,1,https://pbs.twimg.com/media/Evh7tlRWgAIuAuF.jpg,,,,,,,[],,,,,0.06464076,0.8695239,0.06583532,1.36698E+18
72319,1.4149E+18,1.4148E+18,2021-07-13 13:39:37 GTB (heure d‚Äô√©t√©),2021-07-13,13:39:37,300,1.27331E+18,xwrongturn,wrongturn,,1,@MrRhincodon @CryptoMichNL @oceanprotocol I can see $OCEAN one day with that price,en,[],[],[],0,0,0,[],['ocean'],https://twitter.com/XWrongturn/status/1414897295938699267,FALSE,,0,,,,,,,,"[{'screen_name': 'MrRhincodon', 'name': 'Rhincodon', 'id': '1260229003337760768'}, {'screen_name': 'CryptoMichNL', 'name': 'Micha√´l van de Poppe', 'id': '146008010'}, {'screen_name': 'oceanprotocol', 'name': 'Ocean Protocol', 'id': '908581392061214720'}]",,,,,0.007975363,0.4180799,0.57394475,1.4149E+18
133501,1.35522E+18,1.35329E+18,2021-01-29 20:38:22 GTB,2021-01-29,20:38:22,300,24923745,cryptonemrah,Crypto Nemrah,,0,@TheCryptoMD @oceanprotocol will be listed on  https://t.co/f7Qs8MG3oT! $ocean #oceanprotocol  https://t.co/0DgdKOXFW8,en,[],['http://coinmetro.trading'],['https://pbs.twimg.com/media/Es641tLXAAQ8BhB.jpg'],0,0,1,['oceanprotocol'],['ocean'],https://twitter.com/CryptoNemrah/status/1355223780117925889,FALSE,,1,https://pbs.twimg.com/media/Es641tLXAAQ8BhB.jpg,,,,,,,"[{'screen_name': 'TheCryptoMD', 'name': 'The Crypto MD ü©∫', 'id': '1334390590671241216'}]",,,,,0.007737047,0.86671484,0.12554806,1.35522E+18
88617,1.3874E+18,1.3874E+18,2021-04-28 16:43:40 GTB (heure d‚Äô√©t√©),2021-04-28,16:43:40,300,228893809,adoeboy,Doe Boy ‚ö°Ô∏è,,1,@CryptoWizardd üëÄüåäüåäüåäüåä $OCEAN üåäüåäüåäüåäüåäüåäüåäüåä  https://t.co/PFcKd7wlyy,und,[],['https://www.gemini.com/blog/gemini-supports-new-defi-metaverse-data-storage-and-infrastructure-tokens'],[],0,0,0,[],['ocean'],https://twitter.com/ADoeBoy/status/1387402134287683590,FALSE,,0,,,,,,,,[],,,,,0.024162596,0.8091925,0.16664493,1.3874E+18
72349,1.41481E+18,1.41481E+18,2021-07-13 08:01:57 GTB (heure d‚Äô√©t√©),2021-07-13,08:01:57,300,1.3888E+18,cryptowinkle,Crypto Winkle,,1,Watch &amp; Learnüì≤ the @oceanprotocol demoüìùwith #MoonbeamNetwork &amp; Ocean Developer @Jamie_Hewitt_  Learnüëá  üí†Ocean.js &amp; Moonriver Network üí†Create/transfer data tokens üí†Publish datasets üí†Set Price &amp; More  More Info‚§µÔ∏è  https://t.co/pLk4vmvOCo  $OCEAN #DeFi #ETH #Blockchain #Crypto,en,"[{'screen_name': 'oceanprotocol', 'name': 'ocean protocol', 'id': '908581392061214720'}, {'screen_name': 'jamie_hewitt_', 'name': 'jamie hewitt', 'id': '1360587566'}]",['https://www.crowdcast.io/e/moonbuilders-ws/register?session=5'],[],1,0,18,"['moonbeamnetwork', 'defi', 'eth', 'blockchain', 'crypto']",['ocean'],https://twitter.com/CryptoWinkle/status/1414812319951949826,FALSE,,0,,,,,,,,[],,,,,0.013279533,0.80642635,0.18029414,1.41481E+18
2258,1.58011E+18,1.58011E+18,2022-10-12 11:16:35 GTB (heure d‚Äô√©t√©),2022-10-12,11:16:35,300,9.48551E+17,dyorcryptobot,DYOR.net,,1,[Scan results - #Binance - 15m]  Top 5 bullish trends on $BTC pair 1: $TWT 2: $SSV 3: $XMR 4: $NEXO 5: $LTC  Top 5 bullish trends on $USDT pair 1: $BNX 2: $TWT 3: $WTC 4: $LUNA 5: $OCEAN  All Binance results:  https://t.co/NE27I4jRpd Not buy signals. #DYOR,en,[],['https://dyor.net/scan/binance/15m'],[],1,0,0,"['binance', 'dyor']","['btc', 'twt', 'ssv', 'xmr', 'nexo', 'ltc', 'usdt', 'bnx', 'twt', 'wtc', 'luna', 'ocean']",https://twitter.com/DYORCryptoBot/status/1580110165382025216,FALSE,,0,,,,,,,,[],,,,,0.068203285,0.74756074,0.1842359,1.58011E+18
109336,1.3712E+18,1.3712E+18,2021-03-14 22:58:46 GTB,2021-03-14,22:58:46,300,1.27753E+18,xenit0,‚ìÇ Xenitü™∂,,1,$ocean pump geliyor.,cy,[],[],[],1,1,3,[],['ocean'],https://twitter.com/Xenit0/status/1371204179029528578,FALSE,,0,,,,,,,,[],,,,,0.13486527,0.7886981,0.07643655,1.3712E+18
19340,1.54097E+18,1.54097E+18,2022-06-26 10:52:41 GTB (heure d‚Äô√©t√©),2022-06-26,10:52:41,300,1.50659E+18,lizabel92307633,Liza Bell,,1,ARE YOU READY ?üöÄ  $JASMY  Will pump in the next 4 hours.  If you came here looking for targets while searching twitter  Here join us  https://t.co/BkuAUy4bx1  It's free‚ù§Ô∏è  $FXS $CELR $BNX $ASTR $ACH $OXT $SYS $PERP $OCEAN $ARPA $KDA $BIFI $BETA $MATIC $AXS $LUNC $BAND $WOO $ASR,en,[],['https://t.me/micanalysis1'],[],0,0,0,[],"['jasmy', 'fxs', 'celr', 'bnx', 'astr', 'ach', 'oxt', 'sys', 'perp', 'ocean', 'arpa', 'kda', 'bifi', 'beta', 'matic', 'axs', 'lunc', 'band', 'woo', 'asr']",https://twitter.com/LizaBel92307633/status/1540966262276526080,FALSE,,0,,,,,,,,[],,,,,0.0044008917,0.35516164,0.6404375,1.54097E+18
103075,1.37479E+18,1.37478E+18,2021-03-24 20:10:15 GTB,2021-03-24,20:10:15,300,4817901202,hamidkhaliji,Hamidreza Khaliji,,1,@sumitkapoor16 @oceanprotocol @WazirXIndia @OVRtheReality @terra_virtua @ecomi_ I made a huge profit from @oceanprotocol  $ocean . I invited 150$ and I earned 1000$ from one position. üöÄüöÄüöÄ,en,"[{'screen_name': 'oceanprotocol', 'name': 'ocean protocol', 'id': '908581392061214720'}]",[],[],0,0,0,[],['ocean'],https://twitter.com/HamidKhaliji/status/1374785649555996676,FALSE,,0,,,,,,,,"[{'screen_name': 'sumitkapoor16', 'name': 'Wise Advice By Sumit Kapoor', 'id': '519807680'}, {'screen_name': 'oceanprotocol', 'name': 'Ocean Protocol', 'id': '908581392061214720'}, {'screen_name': 'WazirXIndia', 'name': 'WazirX: India Ka Bitcoin Exchange', 'id': '955744720092835841'}, {'screen_name': 'OVRtheReality', 'name': 'Over the Reality üåê', 'id': '1127665795251822594'}, {'screen_name': 'ecomi_', 'name': 'ECOMI ‚≠ïÔ∏è', 'id': '978697175151595520'}]",,,,,0.0038174775,0.108070746,0.88811177,1.37479E+18
70452,1.41976E+18,1.41976E+18,2021-07-26 23:29:12 GTB (heure d‚Äô√©t√©),2021-07-26,23:29:12,300,1.38132E+18,odinsfrr,ODƒ∞N ≈ûfR,,-,"Arkada≈ülar son bir haftada elde ettiƒüim k√¢rlar bunlar. Beraber kazanƒ±p deƒüerlendirebilmeniz i√ßin yeni coinler payla≈üacaƒüƒ±m, haberdar olabilmek i√ßin takipte kalƒ±p bildirimleri a√ßƒ±n. Bol kazan√ßlar dilerim.  $forth %12, $bat %12, $key %13, $avax %16, $arpa %16, $ocean %17 $kava %35",tr,[],[],[],0,3,20,[],"['forth', 'bat', 'key', 'avax', 'arpa', 'ocean', 'kava']",https://twitter.com/Odinsfrr/status/1419756710785343491,FALSE,,0,,,,,,,,[],,,,,0.17113382,0.78540474,0.04346141,1.41976E+18
126337,1.35998E+18,1.35998E+18,2021-02-11 23:54:15 GTB,2021-02-11,23:54:15,300,1.02749E+18,notfinadvice7,NOT FINANCIAL ADVICE,,-1,and here we are fucking $1 for $ocean  50%,en,[],[],[],0,0,0,[],['ocean'],https://twitter.com/NotFinAdvice7/status/1359984117568389127,FALSE,https://twitter.com/NotFinAdvice7/status/1356279427496345600,0,,,,,,,,[],,,,,0.8654145,0.11797255,0.016612899,1.35998E+18
101388,1.3761E+18,1.3761E+18,2021-03-28 12:04:37 GTB (heure d‚Äô√©t√©),2021-03-28,12:04:37,300,1.28702E+18,tfilipinowhale,The Filipino Whale,,0,$SXP $REEF $DIA $BTC $ETH $MBX $OCEAN $POND üî•  https://t.co/byAcCBxfm3,ht,[],[],['https://pbs.twimg.com/media/ExjhvIJVIAQV2eF.jpg'],3,0,4,[],"['sxp', 'reef', 'dia', 'btc', 'eth', 'mbx', 'ocean', 'pond']",https://twitter.com/TFilipinoWhale/status/1376097888434933763,FALSE,https://twitter.com/binance/status/1376096734137442308,1,https://pbs.twimg.com/media/ExjhvIJVIAQV2eF.jpg,,,,,,,[],,,,,0.021161493,0.6797962,0.29904234,1.3761E+18
151189,1.33877E+18,1.33877E+18,2020-12-15 10:41:26 GTB,2020-12-15,10:41:26,300,1.25726E+18,v0ss2,v0ss,,1,#weagree $Ocean,qme,[],[],[],0,2,4,['weagree'],['ocean'],https://twitter.com/v0ss2/status/1338766101954633728,FALSE,https://twitter.com/Sanchez_Charts/status/1338623339057786881,0,,,,,,,,[],,,,,0.018671848,0.6019527,0.37937546,1.33877E+18
26006,1.52661E+18,1.52661E+18,2022-05-17 20:16:40 GTB (heure d‚Äô√©t√©),2022-05-17,20:16:40,300,1.51673E+18,cryptoblocks_gr,CryptoBlocks,,-,@oceanprotocol #OceanProtocol $OCEAN #Œ∫œÅœÖœÄœÑŒøŒΩŒøŒºŒØœÉŒºŒ±œÑŒ± #Œ∫œÅœÖœÄœÑŒø #ŒøŒπŒ∫ŒøŒΩŒøŒºŒπŒ± #ŒïŒªŒªŒ¨Œ¥Œ± #Greece #Greek #crypto #cryptocurrency  https://t.co/bjAtTUdDOU,qme,[],[],['https://pbs.twimg.com/media/FS9maDhX0AA2L1D.png'],0,0,2,"['oceanprotocol', 'Œ∫œÅœÖœÄœÑŒøŒΩŒøŒºŒØœÉŒºŒ±œÑŒ±', 'Œ∫œÅœÖœÄœÑŒø', 'ŒøŒπŒ∫ŒøŒΩŒøŒºŒπŒ±', 'ŒµŒªŒªŒ¨Œ¥Œ±', 'greece', 'greek', 'crypto', 'cryptocurrency']",['ocean'],https://twitter.com/CryptoBlocks_GR/status/1526612680181747715,FALSE,,1,https://pbs.twimg.com/media/FS9maDhX0AA2L1D.png,,,,,,,[],,,,,0.07354833,0.8760765,0.05037512,1.52661E+18
76744,1.40403E+18,1.40371E+18,2021-06-13 13:53:34 GTB (heure d‚Äô√©t√©),2021-06-13,13:53:34,300,1.01383E+18,cryptor_io,üá∫üá¶ Cry‚ìütor üÖ∞Ô∏è‚ö™Ô∏èüïä ‚Çë‚Çì‚Çö‚Çëc‚Çú c‚Çï‚Çê‚Çí‚Çõ,,-1,@CryptoWally2 @Erwin_Schroedy @denkap84 @denkap You $OCEAN bag holders always ignore @Fetch_ai $FET,en,"[{'screen_name': 'fetch_ai', 'name': 'fetch.ai network', 'id': '911245230426525697'}]",[],[],0,0,0,[],"['ocean', 'fet']",https://twitter.com/Cryptor_io/status/1404029169554579457,FALSE,,0,,,,,,,,"[{'screen_name': 'Cryptowally2', 'name': 'Wally', 'id': '1162286361933537281'}, {'screen_name': 'Erwin_Schroedy', 'name': 'Erwin collects art', 'id': '1108425225270636544'}, {'screen_name': 'denkap84', 'name': 'Dennis', 'id': '45622835'}, {'screen_name': 'denkap', 'name': 'Denkap', 'id': '733911762'}]",,,,,0.7103818,0.27253345,0.017084759,1.40403E+18
86670,1.38947E+18,1.38947E+18,2021-05-04 09:48:30 GTB (heure d‚Äô√©t√©),2021-05-04,09:48:30,300,1.25049E+18,lionessceline,Lioness Celine #btc $btc,,0,buy  #stpt  $stpt go 1$  . $AAVE $UNI $EOS $nu $ATOM $loom $MKR $COMP $FIL $UMA $DASH $GRT $ZEC $ETC $ZRX $YFI $LRC $HBAR $fet $luna $grt $fun $loom $ocean $xrp $dnt $one $pnt $srm $sfp $tvk $sol $psg $rlc $rose,in,[],[],[],0,1,1,['stpt'],"['stpt', 'aave', 'uni', 'eos', 'nu', 'atom', 'loom', 'mkr', 'comp', 'fil', 'uma', 'dash', 'grt', 'zec', 'etc', 'zrx', 'yfi', 'lrc', 'hbar', 'fet', 'luna', 'grt', 'fun', 'loom', 'ocean', 'xrp', 'dnt', 'one', 'pnt', 'srm', 'sfp', 'tvk', 'sol', 'psg', 'rlc', 'rose']",https://twitter.com/LionessCeline/status/1389471984052998145,FALSE,,0,,,,,,,,[],,,,,0.05987347,0.85988533,0.08024127,1.38947E+18
50973,1.46565E+18,1.46565E+18,2021-11-30 13:33:00 GTB,2021-11-30,13:33:00,300,1.39714E+18,hesting9,Hesting,,0,Its clear the $COTI army won this time!!.   Keep in charge to see the TA about $COTI üöÄüöÄ  $COTI $LUNA $VER $LTC $BTC $VET $DOGE $XRP $VRA $ENJ $OCEAN $RUNE $MIR $BAND $HTR $TEL $HTR $MANA  https://t.co/F5TrXWJk1F,en,[],[],['https://pbs.twimg.com/media/FFcEY3IVQAgz1xG.jpg'],0,0,0,[],"['coti', 'coti', 'coti', 'luna', 'ver', 'ltc', 'btc', 'vet', 'doge', 'xrp', 'vra', 'enj', 'ocean', 'rune', 'mir', 'band', 'htr', 'tel', 'htr', 'mana']",https://twitter.com/Hesting9/status/1465645032157822980,FALSE,,1,https://pbs.twimg.com/media/FFcEY3IVQAgz1xG.jpg,,,,,,,[],,,,,0.00840326,0.16974433,0.8218524,1.46565E+18
174889,1.32004E+18,1.30664E+18,2020-10-24 19:32:41 GTB (heure d‚Äô√©t√©),2020-10-24,19:32:41,300,1.0772E+18,crypto92672216,Crypto,,0,@rev_global $OCEAN @oceanprotocol,qme,"[{'screen_name': 'oceanprotocol', 'name': 'ocean protocol', 'id': '908581392061214720'}]",[],[],1,2,2,[],['ocean'],https://twitter.com/Crypto92672216/status/1320040529036529664,FALSE,,0,,,,,,,,"[{'screen_name': 'rev_global', 'name': 'Blockchain Revolution Global', 'id': '1055877888573083648'}]",,,,,0.09019129,0.7649131,0.14489564,1.32004E+18
183434,1.30884E+18,1.30884E+18,2020-09-23 21:38:26 GTB (heure d‚Äô√©t√©),2020-09-23,21:38:26,300,1.30203E+18,cryptoparos,CryptoParos,,0,"Now it's time for #TRBBTC to rise.  #TRB will rise to the first flag which is 2236 sats. And then 2660, 3003 and 3345 respectively as in the chart.   stop : 1550 sats. Up to your risk level.  Wish plenty of earnings.üòé  #trb #trbbtc #trbusdt $trb #btc $btc #eth $ocean #Bitcoin  https://t.co/tNNWrJ3vdw",en,[],[],['https://pbs.twimg.com/media/EinsW41WoAA1b1B.png'],0,1,0,"['trbbtc', 'trb', 'trb', 'trbbtc', 'trbusdt', 'btc', 'eth', 'bitcoin']","['trb', 'btc', 'ocean']",https://twitter.com/CryptoParos/status/1308838147602681858,FALSE,,1,https://pbs.twimg.com/media/EinsW41WoAA1b1B.png,,,,,,,[],,,,,0.021522539,0.45051974,0.5279577,1.30884E+18
152483,1.33681E+18,1.33661E+18,2020-12-10 01:04:09 GTB,2020-12-10,01:04:09,300,1.31648E+18,aq_ffff,FFFF_AQ,,1,@CoinMarketCap $OCEAN should easily win this.,en,[],[],[],1,0,1,[],['ocean'],https://twitter.com/aq_ffff/status/1336808885928255492,FALSE,,0,,,,,,,,"[{'screen_name': 'CoinMarketCap', 'name': 'CoinMarketCap', 'id': '2260491445'}]",,,,,0.003936641,0.09384329,0.90222013,1.33681E+18
194134,1.30161E+18,1.30161E+18,2020-09-03 22:59:08 GTB (heure d‚Äô√©t√©),2020-09-03,22:59:08,300,8.79159E+17,davidpicazo13,DavidPicazo,,0,Visit our martkist service directory  https://t.co/CoYa9NIpTX to find local and online services with $Martk Parnetship #Martkist $eth $btc $link $xrp $om $ampl $yam $ocean $kai $mitx $tmpl,en,[],['https://martkist.directory'],[],0,0,0,['martkist'],"['martk', 'eth', 'btc', 'link', 'xrp', 'om', 'ampl', 'yam', 'ocean', 'kai', 'mitx', 'tmpl']",https://twitter.com/DavidPicazo13/status/1301610702814294016,FALSE,,0,,,,,,,,[],,,,,0.009650612,0.77418536,0.21616404,1.30161E+18
136140,1.35302E+18,1.35302E+18,2021-01-23 18:37:28 GTB,2021-01-23,18:37:28,300,1.11743E+18,stargazechad,Chad¬≥.STARGAZE ü™ê ‚öõÔ∏èüßô‚Äç‚ôÇÔ∏è·ï´LTRAü™Ñ‚ú®,,0,I only need 4 hexagons  $QNT $LINK $OCEAN $ALBT,en,[],[],[],2,6,63,[],"['qnt', 'link', 'ocean', 'albt']",https://twitter.com/StargazeChad/status/1353019026666967040,FALSE,,0,,,,,,,,[],,,,,0.015431784,0.73865825,0.24590996,1.35302E+18
36018,1.50164E+18,1.50151E+18,2022-03-09 21:36:43 GTB,2022-03-09,21:36:43,300,1.18204E+18,aquanauxt,AquaNaut,,1,"@tasha_jade @numerai @oceanprotocol Thank you üôè   I don‚Äôt really see the appeal of erasure. Essentially, ‚Äúhave money and be willing to risk it, or I refuse to entertain anything you say/do‚Äù?seems like no-go for me ü§∑‚Äç‚ôÇÔ∏è  @Numerai could simplify a lot by just utilizing $ocean market for algorithms and data",en,"[{'screen_name': 'numerai', 'name': 'numerai', 'id': '4469439315'}]",[],[],1,0,0,[],['ocean'],https://twitter.com/AquaNauxt/status/1501643162938392580,FALSE,,0,,,,,,,,"[{'screen_name': 'tasha_jade', 'name': 'NJ', 'id': '57369669'}, {'screen_name': 'numerai', 'name': 'Numerai', 'id': '4469439315'}, {'screen_name': 'oceanprotocol', 'name': 'Ocean Protocol', 'id': '908581392061214720'}]",,,,,0.36271897,0.45950195,0.17777912,1.50164E+18
139579,1.35028E+18,1.35028E+18,2021-01-16 05:11:34 GTB,2021-01-16,05:11:34,300,1.16567E+18,bluesky_tara,Crypto Dzen,,1,"I¬†got¬†the magic in me (I¬†got¬†the magic, baby)¬† Every¬†time¬†I¬†touch¬†that track in turns into gold¬† $OCEAN my love üòÇüòÇüòÇ  https://t.co/afBlduaQS5",en,[],[],['https://pbs.twimg.com/media/Er0oCp-UYAAVJJ6.jpg'],0,0,1,[],['ocean'],https://twitter.com/bluesky_tara/status/1350279501289193475,FALSE,,1,https://pbs.twimg.com/media/Er0oCp-UYAAVJJ6.jpg,,,,,,,[],,,,,0.0042222193,0.100545116,0.89523274,1.35028E+18
165225,1.3261E+18,1.32404E+18,2020-11-10 11:41:16 GTB,2020-11-10,11:41:16,300,1.31098E+18,bamzblockchain,Bamz „Ç¢„Ç≠„Ç™,,1,@DrCrypto47 $OCEAN might break out soon and the price is at the current resistance this might easily reach $1 soon the daily chart is bullish right noe better buy more $OCEAN on #MXC_Exchange while its cheap!,en,[],[],[],0,0,0,['mxc_exchange'],"['ocean', 'ocean']",https://twitter.com/BamzBlockchain/status/1326097583874297856,FALSE,,0,,,,,,,,"[{'screen_name': 'DrCrypto47', 'name': '·¥Ö Ä ·¥Ñ Ä è·¥ò·¥õ·¥è', 'id': '1131416139534352386'}]",,,,,0.004677598,0.14412421,0.85119826,1.3261E+18
129481,1.35835E+18,1.35835E+18,2021-02-07 11:26:08 GTB,2021-02-07,11:26:08,300,1.29882E+18,endthef3d,Gilgamesh,,0,$EGLD!!!! Is on üî• #Elrond is gold  $BTC $ETH $DOT $ADA $LINK $BAND $UNI $OCEAN $AGI $IOTX $MFT,en,[],[],[],1,3,1,['elrond'],"['egld', 'btc', 'eth', 'dot', 'ada', 'link', 'band', 'uni', 'ocean', 'agi', 'iotx', 'mft']",https://twitter.com/Endthef3d/status/1358346296248000513,FALSE,,0,,,,,,,,[],,,,,0.004119344,0.30792293,0.68795776,1.35835E+18
172563,1.32143E+18,1.32127E+18,2020-10-28 14:26:32 GTB,2020-10-28,14:26:32,300,1.1467E+18,wenlembo,W‚Ç¨N L‚Ç¨MBO,,1,@OlexKP @RainIchimoku @TheCryptoLark My personal target of $OCEAN peak price lays at a minimum of $20 each. That‚Äôs a 40x from today‚Äôs price.   For 1 million usd you will need 50K tokens.,en,[],[],[],1,0,4,[],['ocean'],https://twitter.com/wenlembo/status/1321428131237007360,FALSE,,0,,,,,,,,"[{'screen_name': 'OlexKP', 'name': 'Olex ‚ì£ ‚ìã', 'id': '1032577992067870723'}, {'screen_name': 'RainIchimoku', 'name': 'Aaron Storm', 'id': '1255913863188484096'}, {'screen_name': 'TheCryptoLark', 'name': 'Lark Davis', 'id': '30325257'}]",,,,,0.077410035,0.78934556,0.13324443,1.32143E+18
175378,1.31973E+18,1.31973E+18,2020-10-23 23:06:04 GTB (heure d‚Äô√©t√©),2020-10-23,23:06:04,300,1.21126E+18,acoindetective,The Coin Detective,,1,Top price gainers of the past hour (Top 100 market cap) $MANA $HEX $ANT $SEELE $OCEAN  https://t.co/79er5wBS8q,en,[],['http://dlvr.it/RkChxQ'],[],0,1,0,[],"['mana', 'hex', 'ant', 'seele', 'ocean']",https://twitter.com/acoindetective/status/1319731840383553536,FALSE,,0,,,,,,,,[],,,,,0.0034513029,0.41383684,0.5827119,1.31973E+18
17730,1.54522E+18,1.54522E+18,2022-07-08 04:33:18 GTB (heure d‚Äô√©t√©),2022-07-08,04:33:18,300,1.49502E+18,abnormal_crypto,Crypto Volume,,-1,"#OCEANUSDT Bear Alert!  5X Volume Price:      0.1794 5-min %: -1.1% Volume:  $31,697   #crypto #whale #btc #eth #OCEAN $OCEAN  https://t.co/WGh3SwoCgW",es,[],[],['https://pbs.twimg.com/media/FXG45EyWIAEWIEU.png'],0,0,0,"['oceanusdt', 'crypto', 'whale', 'btc', 'eth', 'ocean']",['ocean'],https://twitter.com/abnormal_crypto/status/1545219440488452097,FALSE,,1,https://pbs.twimg.com/media/FXG45EyWIAEWIEU.png,,,,,,,[],,,,,0.2985755,0.63182414,0.069600396,1.54522E+18
103200,1.37473E+18,1.37472E+18,2021-03-24 16:11:10 GTB,2021-03-24,16:11:10,300,9.41542E+17,kalle_style,Kalle_Aue,,0,@oceanprotocol @EU_Commission @BMWi_Bund Will there be showed a usecase in which $OCEAN will be involved?,en,[],[],[],0,0,10,[],['ocean'],https://twitter.com/Kalle_Style/status/1374725480910368769,FALSE,,0,,,,,,,,"[{'screen_name': 'oceanprotocol', 'name': 'Ocean Protocol', 'id': '908581392061214720'}, {'screen_name': 'EU_Commission', 'name': 'European Commission üá™üá∫', 'id': '157981564'}]",,,,,0.05528606,0.9092729,0.03544107,1.37473E+18
26699,1.52461E+18,1.52461E+18,2022-05-12 07:32:40 GTB (heure d‚Äô√©t√©),2022-05-12,07:32:40,300,1.48606E+18,cryptoc16860774,Crypto currency,,0,$BTC has some potential to gain.  https://t.co/GyeAlTLd1H  $BTC $ETH $ADA $XRP $DOT $KSM $BNB $RUNE $OCEAN  $SHIB  https://t.co/pdJTBccyZ3,en,[],['https://discord.io/stock-trade-live'],['https://pbs.twimg.com/media/FSh6ugYWQAAAjR8.jpg'],0,0,0,[],"['btc', 'btc', 'eth', 'ada', 'xrp', 'dot', 'ksm', 'bnb', 'rune', 'ocean', 'shib']",https://twitter.com/Cryptoc16860774/status/1524608472993583104,FALSE,,1,https://pbs.twimg.com/media/FSh6ugYWQAAAjR8.jpg,,,,,,,[],,,,,0.0032907648,0.20776424,0.78894496,1.52461E+18
19431,1.54062E+18,1.54037E+18,2022-06-25 11:55:13 GTB (heure d‚Äô√©t√©),2022-06-25,11:55:13,300,1.46101E+18,alteraltcoiner,alter altcoiner,,1,@CryptoThro $OCEAN.   I keep accumulating it at this price.,en,[],[],[],0,0,2,[],['ocean'],https://twitter.com/AlterAltcoiner/status/1540619611225444353,FALSE,,0,,,,,,,,"[{'screen_name': 'CryptoThro', 'name': 'CRYPTO THRO', 'id': '2738087632'}]",,,,,0.017427005,0.4401906,0.54238236,1.54062E+18
1433,1.58209E+18,1.58202E+18,2022-10-17 22:35:07 GTB (heure d‚Äô√©t√©),2022-10-17,22:35:07,300,1.30381E+18,cmcl39,Conzo,,0,@QNTMami @Ledger It certainly is $MNW $EWT $OCEAN $BLXM $KILT,en,[],[],[],0,0,3,[],"['mnw', 'ewt', 'ocean', 'blxm', 'kilt']",https://twitter.com/CMcL39/status/1582092864401465344,FALSE,,0,,,,,,,,"[{'screen_name': 'QNTMami', 'name': '$QNT Mami üß†', 'id': '1050584517948465152'}, {'screen_name': 'Ledger', 'name': 'Ledger', 'id': '2652239532'}]",,,,,0.026793532,0.68930846,0.28389794,1.58209E+18
164336,1.32652E+18,1.32633E+18,2020-11-11 15:50:09 GTB,2020-11-11,15:50:09,300,1.27331E+18,deepnrealcrypto,Deep & Real,,1,@crypto_rand $CEl -  #CeFi   $OCEAN- DATA &amp; AI  $CVR- #polkacover First #DeFi insurance marketplace built on @Polkadot,en,"[{'screen_name': 'polkadot', 'name': 'polkadot', 'id': '1595615893'}]",[],[],1,0,1,"['cefi', 'polkacover', 'defi']","['cel', 'ocean', 'cvr']",https://twitter.com/deepnrealcrypto/status/1326522606611288070,FALSE,,0,,,,,,,,"[{'screen_name': 'crypto_rand', 'name': 'Crypto Rand', 'id': '859484337850523648'}]",,,,,0.010650628,0.7365594,0.25279,1.32652E+18
217859,1.28505E+18,1.28505E+18,2020-07-20 06:24:49 GTB (heure d‚Äô√©t√©),2020-07-20,06:24:49,300,96867153,martytalk,marty ü§ô,,1,"$ocean is a God tier project with a small  coin circulation and still trading for pennies, literally.",en,[],[],[],1,2,8,[],['ocean'],https://twitter.com/MartyTalk/status/1285053019973984256,FALSE,,0,,,,,,,,[],,,,,0.05201444,0.45450857,0.49347702,1.28505E+18
68632,1.42311E+18,1.42311E+18,2021-08-05 05:18:21 GTB (heure d‚Äô√©t√©),2021-08-05,05:18:21,300,1.2548E+18,bits_bits_bits,Bits,,1,$OCEAN back in the .60s makes my adds oh so happy ü•∞,en,[],[],[],0,0,9,[],['ocean'],https://twitter.com/bits_bits_bits/status/1423106070470447107,FALSE,,0,,,,,,,,[],,,,,0.0011338334,0.008705814,0.99016035,1.42311E+18
8944,1.56705E+18,1.56686E+18,2022-09-06 10:12:41 GTB (heure d‚Äô√©t√©),2022-09-06,10:12:41,300,1.45692E+18,cgdetective,CG detective,,1,"@Bscgemalerts $MATIC, $OCEAN, $DOT, $ETH, $ATOM, and $ZKP. I believe we will see these #cryptos at high prices in the coming bull market...  ...And let's not forget about $FLD, a new #altcoin gem that many people are still sleeping on, but not for much longer.  üì∫ this:  https://t.co/xPMeoTXV39",en,[],['https://twitter.com/GainsAssociates/status/1564377157207527424?s=20'],[],1,0,0,"['cryptos', 'altcoin']","['matic', 'ocean', 'dot', 'eth', 'atom', 'zkp', 'fld']",https://twitter.com/CgDetective/status/1567048121393242113,FALSE,https://twitter.com/GainsAssociates/status/1564377157207527424?s=20,0,,,,,,,,"[{'screen_name': 'Bscgemalerts', 'name': 'BSC Gem Alert üíé', 'id': '1501318495774011394'}]",,,,,0.0110591445,0.1807693,0.80817163,1.56705E+18
128335,1.35911E+18,1.35907E+18,2021-02-09 13:49:42 GTB,2021-02-09,13:49:42,300,1.25592E+18,crypto_tzar,Last Crypto Tzar,,1,"@tokenmetricsinc $OCEAN $ETH $RSR &amp; $ZKS üí∞  Bullish on ZKS @ZKSwapOfficial, next 100x  -AMM modeled layer2 DEX based on zk-Rollups -Solves high fees &amp; scalability issues in #DeFi -Achieves all AMM functions in L2 while providing 0 gas fees &amp; high tps -Solid investors &amp; tokenomics -Mainnet soon  https://t.co/Nz5H5YOObd",en,"[{'screen_name': 'zkswapofficial', 'name': 'zkswapofficial', 'id': '1520018028846587904'}]",[],['https://pbs.twimg.com/media/EtyExFyXEAAkcP_.jpg'],2,3,6,['defi'],"['ocean', 'eth', 'rsr', 'zks']",https://twitter.com/crypto_tzar/status/1359107200447369219,FALSE,,1,https://pbs.twimg.com/media/EtyExFyXEAAkcP_.jpg,,,,,,,"[{'screen_name': 'tokenmetricsinc', 'name': 'Token Metrics', 'id': '1136430327176581120'}]",,,,,0.05101819,0.5466201,0.40236166,1.35911E+18
6252,1.57218E+18,1.57218E+18,2022-09-20 13:47:09 GTB (heure d‚Äô√©t√©),2022-09-20,13:47:09,300,1.28966E+18,el_capro,El_Capro,,1,"Use the @questbookapp to submit your proposal for the ongoing $OCEAN Shipyard Data Storage Initiative.  There are big prizes up for grabs from @oceanprotocol and @Dimitratech, go for it!  #Web3 #DataSci #Altcoins #DataTechnology  https://t.co/R7GisS0x0P",en,"[{'screen_name': 'questbookapp', 'name': 'questbook', 'id': '184079765'}, {'screen_name': 'oceanprotocol', 'name': 'ocean protocol', 'id': '908581392061214720'}, {'screen_name': 'dimitratech', 'name': 'dimitra technology', 'id': '1374764747690807304'}]",['https://bit.ly/3RViD6N'],[],0,1,2,"['web3', 'datasci', 'altcoins', 'datatechnology']",['ocean'],https://twitter.com/el_capro/status/1572175526273449995,FALSE,,0,,,,,,,,[],,,,,0.0015921611,0.1034215,0.8949863,1.57218E+18
78639,1.40009E+18,1.40007E+18,2021-06-02 16:44:18 GTB (heure d‚Äô√©t√©),2021-06-02,16:44:18,300,166273820,juhannrossouw,cryptosoundmoney*atom ‚öõ,,1,@coingecko $BTC $ETH $LINK $DOT $LUNA $OCEAN $NXS $MATIC $DGB $ZIL $FTM $CEL Perfect long term hodl bag,ro,[],[],[],0,0,2,[],"['btc', 'eth', 'link', 'dot', 'luna', 'ocean', 'nxs', 'matic', 'dgb', 'zil', 'ftm', 'cel']",https://twitter.com/juhannrossouw/status/1400085868975644683,FALSE,,0,,,,,,,,"[{'screen_name': 'coingecko', 'name': 'CoinGecko', 'id': '2412652615'}]",,,,,0.005735339,0.4304619,0.5638028,1.40009E+18
203335,1.29792E+18,1.29792E+18,2020-08-24 18:22:43 GTB (heure d‚Äô√©t√©),2020-08-24,18:22:43,300,1.24833E+18,badrudru,Dru badru,,0,"Martkist faucet, forum and business directory $Martk  https://t.co/2bbY2c00vk $eth $btc $link $xrp $om $ampl $yam $ocean $kai $mitx $tmpl",ro,[],['https://imgur.com/a/kY0aaMq'],[],0,0,0,[],"['martk', 'eth', 'btc', 'link', 'xrp', 'om', 'ampl', 'yam', 'ocean', 'kai', 'mitx', 'tmpl']",https://twitter.com/BadruDru/status/1297917260804182018,FALSE,,0,,,,,,,,[],,,,,0.050732326,0.88375866,0.06550902,1.29792E+18
109503,1.37115E+18,1.37115E+18,2021-03-14 19:14:02 GTB,2021-03-14,19:14:02,300,210556469,anthoxbt,anthoxbt.eth,,1,@scottmelker Scott said ¬´¬†ocean¬†¬ª buy $OCEAN!,en,[],[],[],0,1,7,[],['ocean'],https://twitter.com/anthoxbt/status/1371147623101394945,FALSE,,0,,,,,,,,"[{'screen_name': 'scottmelker', 'name': 'The Wolf Of All Streets', 'id': '17351167'}]",,,,,0.07087936,0.73646635,0.19265424,1.37115E+18
88707,1.38736E+18,1.38736E+18,2021-04-28 13:52:14 GTB (heure d‚Äô√©t√©),2021-04-28,13:52:14,300,582980292,degenkoo,"Rekt Degen‚Äú (üíô,üß°) ‚Äú üè¥Û†ÅßÛ†Å¢Û†Å•Û†ÅÆÛ†ÅßÛ†Åøüè¥Û†ÅßÛ†Å¢Û†Å•Û†ÅÆÛ†ÅßÛ†Åø",,0,$scrt $ocean $lpt $luna #Bitcoin $bnb $fet $matic $doge $layer $mtv $tvk  https://t.co/32Npwfkf1h,en,[],[],['https://pbs.twimg.com/media/E0DjpefUUAEMHRT.jpg'],0,2,23,['bitcoin'],"['scrt', 'ocean', 'lpt', 'luna', 'bnb', 'fet', 'matic', 'doge', 'layer', 'mtv', 'tvk']",https://twitter.com/DegenKoo/status/1387358992515571714,FALSE,,1,https://pbs.twimg.com/media/E0DjpefUUAEMHRT.jpg,,,,,,,[],,,,,0.020708058,0.79650986,0.18278208,1.38736E+18
137190,1.35189E+18,1.35189E+18,2021-01-20 15:47:01 GTB,2021-01-20,15:47:01,300,1.24883E+18,lilita00948453,Lilita,,0,$BTCST $LGO $OCEAN $LINK $PRQ $CRV $NU $PLTC $LOOM $REN $VET $BAS $MIS $YFI $SNX $ABT $SXP $FET $XSN $GRT $MOC $ALGO $STX $PCX $WAVES $XRP $POLS $ZAI $BAC $ENG $GNY $CRO $DOT $DIA $OST $QNT $RSR $SPC $IOC $BTC $COVER $XBASE $BAND $NEBL $ATOM $UFT $NEO $NANO $LTC $SUSHI $L2,en,[],[],[],0,0,0,[],"['btcst', 'lgo', 'ocean', 'link', 'prq', 'crv', 'nu', 'pltc', 'loom', 'ren', 'vet', 'bas', 'mis', 'yfi', 'snx', 'abt', 'sxp', 'fet', 'xsn', 'grt', 'moc', 'algo', 'stx', 'pcx', 'waves', 'xrp', 'pols', 'zai', 'bac', 'eng', 'gny', 'cro', 'dot', 'dia', 'ost', 'qnt', 'rsr', 'spc', 'ioc', 'btc', 'cover', 'xbase', 'band', 'nebl', 'atom', 'uft', 'neo', 'nano', 'ltc', 'sushi']",https://twitter.com/Lilita00948453/status/1351888969450074113,FALSE,https://twitter.com/CoverCompared/status/1351853953865175041,0,,,,,,,,[],,,,,0.05130417,0.8860192,0.06267664,1.35189E+18
224221,1.26311E+18,1.26311E+18,2020-05-20 17:16:53 GTB (heure d‚Äô√©t√©),2020-05-20,17:16:53,300,1966387794,thecryptofessor,Martijn vd Weerdt,,0,"Elon Musk wishes Tesla was one of the  biggest companies in the ecosystem of $EWT, although a nice addition of course. Look at the corporates that build $EWT in terms of revenue. Buy &lt; $10 is a steal for the only blockchain consortium you can actually buy tokens of. $OCEAN $MITX  https://t.co/9m7nK6M0yb",en,[],[],"['https://pbs.twimg.com/media/EYd5LByWoAI7jTH.jpg', 'https://pbs.twimg.com/media/EYd5LByWAAEF1X9.jpg']",1,5,21,[],"['ewt', 'ewt', 'ocean', 'mitx']",https://twitter.com/thecryptofessor/status/1263111456595292161,FALSE,,1,https://pbs.twimg.com/media/EYd5LByWoAI7jTH.jpg,,,,,,,[],,,,,0.08473328,0.35760847,0.55765826,1.26311E+18
111475,1.36999E+18,1.36999E+18,2021-03-11 14:51:04 GTB,2021-03-11,14:51:04,300,486768058,dao_j0nes,DAO_Jones,,1,Net worth accelerating faster than I can blink $chz $luna $FET $ocean $LINK #moonbags #loaded @CryptoWizardd thank you sir  https://t.co/0byQunVmog,en,"[{'screen_name': 'cryptowizardd', 'name': 'wizz ( beware scammers )', 'id': '972970759416111104'}]",[],['https://pbs.twimg.com/media/EwMyhzJWEAIcZsn.jpg'],0,0,1,"['moonbags', 'loaded']","['chz', 'luna', 'fet', 'ocean', 'link']",https://twitter.com/DAO_J0nes/status/1369994279867854853,FALSE,,1,https://pbs.twimg.com/media/EwMyhzJWEAIcZsn.jpg,,,,,,,[],,,,,0.0066688675,0.14671391,0.8466173,1.36999E+18
206591,1.29667E+18,1.29667E+18,2020-08-21 07:34:36 GTB (heure d‚Äô√©t√©),2020-08-21,07:34:36,300,1.22856E+18,hoymebrandon,Brandon Michael Hoyme,,1,Don‚Äôt sleep on $ocean. Data in the future will be everything. Lend $Aave will start taking over the real-estate payment market with tokenized mortgages.,en,[],[],[],1,0,5,[],"['ocean', 'aave']",https://twitter.com/HoymeBrandon/status/1296666990409428992,FALSE,,0,,,,,,,,[],,,,,0.013818948,0.40964618,0.57653487,1.29667E+18
37854,1.49507E+18,1.49507E+18,2022-02-19 17:59:13 GTB,2022-02-19,17:59:13,300,1.39413E+18,wanderclyffe1,VeWanderclyffe,,0,"Guysss, this is something big !! Must Read this 5 min thread from here !!! $ocean",en,[],[],[],0,0,4,[],['ocean'],https://twitter.com/Wanderclyffe1/status/1495065444310343682,FALSE,https://twitter.com/Wanderclyffe1/status/1495064741768675328,0,,,,,,,,[],,,,,0.0034103098,0.08334,0.9132496,1.49507E+18
21013,1.5364E+18,1.5364E+18,2022-06-13 20:14:55 GTB (heure d‚Äô√©t√©),2022-06-13,20:14:55,300,1.42905E+18,harbingerlink,Harbinger ‚ü† ‚¨°,,0,"I sold at $4000, bought it around $2200. Now we're at $1200. Also I increased my ETH amount %33 last week with a trade on $OCEAN.  Am I in loss for USD? Surely yes. But can I easily handle it? Yes again. Markets teach you things in interesting way.  $ETH   https://t.co/jh65zovIIt",en,[],['https://twitter.com/HarbingerLink/status/1469705757184696327'],[],1,0,0,[],"['ocean', 'eth']",https://twitter.com/HarbingerLink/status/1536396712549416969,FALSE,https://twitter.com/HarbingerLink/status/1469705757184696327,0,,,,,,,,[],,,,,0.05520003,0.37058738,0.5742126,1.5364E+18
139411,1.35037E+18,1.35037E+18,2021-01-16 11:06:15 GTB,2021-01-16,11:06:15,300,1.02689E+18,ciro_di_marzi0,CiüÖ°o,,1,Bears take a good long nap. We look after your honey. Don‚Äôt worry!   #Altseason üöÄ  $OCEAN $QNT $RSR $UTK $UBT $COTI $BAND $VIDT $NOIA $MRPH $TRB $ZCN $DAG $DIA $MITX $LCX $POLS $TVK $TOMO $HTR,en,[],[],[],0,1,4,['altseason'],"['ocean', 'qnt', 'rsr', 'utk', 'ubt', 'coti', 'band', 'vidt', 'noia', 'mrph', 'trb', 'zcn', 'dag', 'dia', 'mitx', 'lcx', 'pols', 'tvk', 'tomo', 'htr']",https://twitter.com/CIRO_DI_MARZI0/status/1350368760469872640,FALSE,,0,,,,,,,,[],,,,,0.00856944,0.26412144,0.7273091,1.35037E+18
109439,1.37118E+18,1.37115E+18,2021-03-14 21:34:05 GTB,2021-03-14,21:34:05,300,1.25899E+18,thefootdoctor3,TheFootDoctor,,1,@StinkyMclinker @Ocean_Krill Wait until people figure out the $Ocean,en,[],[],[],0,0,0,[],['ocean'],https://twitter.com/TheFootDoctor3/status/1371182867582222340,FALSE,,0,,,,,,,,"[{'screen_name': 'StinkyMclinker', 'name': 'Stinky McLinker', 'id': '1245086032627982342'}, {'screen_name': 'Ocean_Krill', 'name': 'Monster Krill üåä', 'id': '1278343320851398662'}]",,,,,0.25741237,0.7090481,0.033539567,1.37118E+18
113441,1.36872E+18,1.36872E+18,2021-03-08 02:16:30 GTB,2021-03-08,02:16:30,300,9.48551E+17,dyorcryptobot,DYOR.net,,-1,[SCAN RESULTS - 15m - #USDT PAIR]  Binance top 5 bullish strength 1: $RLC 2: $LSK 3: $PAXG 4: $YFI 5: $XTZ  Binance top 5 bullish reversal strength 1: $DNT 2: $OCEAN 3: $TROY 4: $OG 5: $WTC,en,[],[],[],0,0,3,['usdt'],"['rlc', 'lsk', 'paxg', 'yfi', 'xtz', 'dnt', 'ocean', 'troy', 'og', 'wtc']",https://twitter.com/DYORCryptoBot/status/1368717223292993539,FALSE,,0,,,,,,,,[],,,,,0.009401545,0.60597295,0.3846255,1.36872E+18
36266,1.50095E+18,1.50095E+18,2022-03-07 23:59:06 GTB,2022-03-07,23:59:06,300,1.18475E+18,pptherobot,PP The Robot,,-1,"Volatility move DOWN: OCEAN_USDT at 0.41 USDT (-5.64%, previously 0.44 USDT)  https://t.co/KloD2imwH4 #Cryptocom $OCEAN",en,[],['https://crypto.com/exchange/trade/spot/OCEAN_USDT'],[],0,0,0,['cryptocom'],['ocean'],https://twitter.com/PPTheRobot/status/1500954216914771970,FALSE,,0,,,,,,,,[],,,,,0.40201238,0.5675674,0.030420221,1.50095E+18
204708,1.29747E+18,1.29747E+18,2020-08-23 12:53:24 GTB (heure d‚Äô√©t√©),2020-08-23,12:53:24,300,1.28362E+18,mikifas1,Mikifas,,0,"I am part of the martkist community now, come join us #Martkist #socialmedia #Faucet $Martk $eth $btc $link $xrp $om $ampl $yam $ocean $kai $mitx #Binance #Bitcoin  https://t.co/UYomEKVcI3",en,[],['https://imgur.com/a/oiFpsoU'],[],1,1,2,"['martkist', 'socialmedia', 'faucet', 'binance', 'bitcoin']","['martk', 'eth', 'btc', 'link', 'xrp', 'om', 'ampl', 'yam', 'ocean', 'kai', 'mitx']",https://twitter.com/Mikifas1/status/1297471996930846720,FALSE,,0,,,,,,,,[],,,,,0.002422853,0.41177204,0.58580506,1.29747E+18
118196,1.36609E+18,1.36609E+18,2021-02-28 20:08:48 GTB,2021-02-28,20:08:48,300,1.2548E+18,bits_bits_bits,Bits,,1,"This is one of my favorite projects. I'm not touching a single token as I'm a HODLer. I either get a $LINK like, life changing run in a couple of years or with this bull market or the project goes nowhere and it's worthless. I have conviction in the former. Buy a bag $OCEAN",en,[],[],[],1,0,0,[],"['link', 'ocean']",https://twitter.com/bits_bits_bits/status/1366087974040043525,FALSE,,0,,,,,,,,[],,,,,0.14182012,0.25530323,0.60287666,1.36609E+18
19195,1.54142E+18,1.54142E+18,2022-06-27 17:09:59 GTB (heure d‚Äô√©t√©),2022-06-27,17:09:59,300,1.53238E+18,janclar32414477,Jan Clark,,-,"$OCEAN All that you need to know, Shorts haven't covered a single share.  https://t.co/xjWeQAWbW8",en,[],['https://discord.io/AsDpcDqe7r'],[],0,0,0,[],['ocean'],https://twitter.com/JanClar32414477/status/1541423601143795712,FALSE,,0,,,,,,,,[],,,,,0.58546436,0.39167273,0.022862935,1.54142E+18
223571,1.26562E+18,1.26481E+18,2020-05-27 15:10:06 GTB (heure d‚Äô√©t√©),2020-05-27,15:10:06,300,1.23892E+18,mooncruse,MoonCruse,,1,@Bitcoinomist Go with $OCEAN $MATIC $HBAR $CHR I got them and I can't be more happy with my bag üòÑüòÑüòÑ,en,[],[],[],0,0,1,[],"['ocean', 'matic', 'hbar', 'chr']",https://twitter.com/MoonCruse/status/1265616267223891968,FALSE,,0,,,,,,,,"[{'screen_name': 'Bitcoinomist', 'name': '‚Çøitcoinomist ‚ö°', 'id': '1003650803452657664'}]",,,,,0.003210893,0.024006544,0.9727826,1.26562E+18
105988,1.37311E+18,1.37311E+18,2021-03-20 04:58:25 GTB,2021-03-20,04:58:25,300,34603839,jamie6815,para_deano,,1,Amazing thread on $OCEAN üöÄ,en,[],[],[],2,3,17,[],['ocean'],https://twitter.com/Jamie6815/status/1373106627214077952,FALSE,https://twitter.com/AltcoinRick/status/1372896065029083138,0,,,,,,,,[],,,,,0.0016702801,0.042168114,0.95616156,1.37311E+18
32452,1.51021E+18,1.51021E+18,2022-04-02 13:55:33 GTB (heure d‚Äô√©t√©),2022-04-02,13:55:33,300,1.50186E+18,bab84926946,BAB,,0,$LINK 2 million buy. Prepare for the REAL server group  https://t.co/RMkjgMp9TQ  $btc $eth $Xrp $doge $link $dot $ada $Xlm $ocean $rsr $qnt $bnb $uni $trx  https://t.co/mhbAJUiD33,en,[],['https://linktr.ee/racajeb930'],['https://pbs.twimg.com/media/FPVXXdFXIAI-U83.jpg'],1,0,1,[],"['link', 'btc', 'eth', 'xrp', 'doge', 'link', 'dot', 'ada', 'xlm', 'ocean', 'rsr', 'qnt', 'bnb', 'uni', 'trx']",https://twitter.com/Bab84926946/status/1510209313695956998,FALSE,,1,https://pbs.twimg.com/media/FPVXXdFXIAI-U83.jpg,,,,,,,[],,,,,0.03220172,0.74741024,0.22038808,1.51021E+18
129931,1.35786E+18,1.35785E+18,2021-02-06 03:26:04 GTB,2021-02-06,03:26:04,300,9.42092E+17,cryptorei,Crypto Block,,0,@Bitboy_Crypto #ocean $ocean  https://t.co/wglfcGiTzE,qme,[],[],['https://pbs.twimg.com/tweet_video_thumb/EtgZSR2UYAAZP6_.jpg'],0,0,1,['ocean'],['ocean'],https://twitter.com/CryptoREI/status/1357863094618263552,FALSE,,1,https://pbs.twimg.com/tweet_video_thumb/EtgZSR2UYAAZP6_.jpg,,,,,,,"[{'screen_name': 'Bitboy_Crypto', 'name': 'Ben Armstrong', 'id': '954005112174862336'}]",,,,,0.033787094,0.83034766,0.13586521,1.35786E+18
94977,1.38091E+18,1.38091E+18,2021-04-10 18:45:37 GTB (heure d‚Äô√©t√©),2021-04-10,18:45:37,300,1.3225E+18,realdatawhale,Data Whale (veOCEANüåä),,1,"Today was a good day.  1. New $OCEAN ATH 2. Alpha version of alga. application   ... and we also hit 1‚Äô000 followers! Thanks a million to all of you for supporting us ‚ù§Ô∏è‚ù§Ô∏è‚ù§Ô∏è  Yours, üê≥  https://t.co/XalVQzvGbR",en,[],[],['https://pbs.twimg.com/media/Eyn6LZ_WQAA_FUV.jpg'],2,2,33,[],['ocean'],https://twitter.com/realdatawhale/status/1380909842068480001,FALSE,,1,https://pbs.twimg.com/media/Eyn6LZ_WQAA_FUV.jpg,,,,,,,[],,,,,0.0010489167,0.0058528758,0.9930982,1.38091E+18
201270,1.29869E+18,1.29869E+18,2020-08-26 21:25:45 GTB (heure d‚Äô√©t√©),2020-08-26,21:25:45,300,9.90643E+17,_one_one123,one one,,0,$KSM $BNB $BTC $ETH $TWT $LTC $NEO $AKRO $OCEAN $KCS $LINK $BLZ $QTUM $OMG $BAT $KEY $MVP $SHA $DOCK $KAT $DOT $SUKU $SUTER $CRV $RIO $RAMP $OM $HT $EOS $FTX $SRM $SXP $TOMO $XRP $CHR $KNC $CELR $ONE #IndiaWantsCrypto @KucoinIndia @kucoincom @AdduShinde @AnuragVidhate,in,"[{'screen_name': 'kucoinindia', 'name': 'kucoin exchange india', 'id': '1123921801195737088'}, {'screen_name': 'kucoincom', 'name': 'kucoin', 'id': '910110294625492992'}, {'screen_name': 'anuragvidhate', 'name': 'anurag vidhate', 'id': '974214457239814145'}]",[],[],0,0,1,['indiawantscrypto'],"['ksm', 'bnb', 'btc', 'eth', 'twt', 'ltc', 'neo', 'akro', 'ocean', 'kcs', 'link', 'blz', 'qtum', 'omg', 'bat', 'key', 'mvp', 'sha', 'dock', 'kat', 'dot', 'suku', 'suter', 'crv', 'rio', 'ramp', 'om', 'ht', 'eos', 'ftx', 'srm', 'sxp', 'tomo', 'xrp', 'chr', 'knc', 'celr', 'one']",https://twitter.com/_one_one123/status/1298688096960036864,FALSE,https://twitter.com/KucoinIndia/status/1297523144190640129,0,,,,,,,,[],,,,,0.059282076,0.8863973,0.054320633,1.29869E+18
97043,1.37978E+18,1.37913E+18,2021-04-07 15:47:23 GTB (heure d‚Äô√©t√©),2021-04-07,15:47:23,300,1.34028E+18,geodbn,GeoDB NEWS,,0,"@nytopinion @tim_cook @karaswisher You should better take a look to GeoDB. it is such a great project about big data. $Geo has partnerships with $link , #Fleta, #BSC and $ocean. New exchanges and apps are coming soon. Buy some $Geo before the next ATH. Don't miss out! üåêüöÄüöÄüöÄ  #GeoDB $Geo @GeoDataBlock  #BigData",en,"[{'screen_name': 'geodatablock', 'name': 'geodb is now dataverse', 'id': '1493139773933998083'}]",[],[],0,39,39,"['fleta', 'bsc', 'geodb', 'bigdata']","['geo', 'link', 'ocean', 'geo', 'geo']",https://twitter.com/GeodbN/status/1379777827847946241,FALSE,,0,,,,,,,,"[{'screen_name': 'nytopinion', 'name': 'New York Times Opinion', 'id': '16686144'}, {'screen_name': 'tim_cook', 'name': 'Tim Cook', 'id': '1636590253'}, {'screen_name': 'karaswisher', 'name': 'Kara Swisher', 'id': '5763262'}]",,,,,0.0009999789,0.022395477,0.9766045,1.37978E+18
16665,1.54765E+18,1.54765E+18,2022-07-14 21:36:41 GTB (heure d‚Äô√©t√©),2022-07-14,21:36:41,300,1.49466E+18,robast7,Robast,,0,"As predicted $ONE breaking out of wedge formation, hope you guys followed us in on this on evrything we touch is killing it right now.  $BTC $ETH $ADA $XRP $DOT $KSM $BNB $RUNE $OCEAN $RSR $REN $BTC  https://t.co/9xRUScfu1e",en,[],[],['https://pbs.twimg.com/media/FXpco_RacAEfgRj.jpg'],0,0,0,[],"['one', 'btc', 'eth', 'ada', 'xrp', 'dot', 'ksm', 'bnb', 'rune', 'ocean', 'rsr', 'ren', 'btc']",https://twitter.com/Robast7/status/1547651311189237760,FALSE,,1,https://pbs.twimg.com/media/FXpco_RacAEfgRj.jpg,,,,,,,[],,,,,0.043251064,0.3726524,0.58409655,1.54765E+18